User Email,First Name,Last Name,User Name,Country Code,Msisdn
vveddrify@emailcmv,elsi,ahmadieh,vveddrify@email.cmv,444,788565
verified@account.com,elsi,ahmadieh,verified@account.com,961,788565
unverified@account.com,elsi,ahmadieh,unverified@account.com,961,788565
forgothusain@monty.net,test,test,forgothusain@monty.net,86,532136121
huss.daou@montymobile.com,husain333,daoud,huss.daou@montymobile.com,86,85565532
registertrdude@dsgmail.com,elsi,ahmadieh,registertrdude@dsgmail.com,961,760000
elsi@sunverify.gofv,elsi,ahmadieh,elsi@sunverify.gofv,961,7111111
notif@notif.com,test4444,test,notif@notif.com,86,532134212
redeesm@invalidweb.com,redeem,invalid,redeesm@invalidweb.com,961,788565
redeemm@differentt.com,redeem,different,redeemm@differentt.com,961,788565
verifyy@nulllpin.como,elsi,ahmadieh,verifyy@nulllpin.como,111,788565
verify@wrongpinn.conn,elsi,ahmadieh,verify@wrongpinn.conn,123,788565
verif@verifyd.coy,elsi,ahmadieh,verif@verifyd.coy,123,788565
regissdetertrdssqsude@gmail.com,elsi,ahmadieh,regissdetertrdssqsude@gmail.com,961,760000
regissdetertrdsssude@gmail.com,elsi,ahmadieh,regissdetertrdsssude@gmail.com,961,760000
registhh@dddelsi.com,elsi,ahmadieh,registhh@dddelsi.com,961,711111
regstr@userccnew.co,elsi,ahmadieh,regstr@userccnew.co,961,760000
register@invalissdpinuser.com,xxxxx,ajhjkkkk,register@invalissdpinuser.com,961,769586
registertrdude@gmail.com,elsi,ahmadieh,registertrdude@gmail.com,961,760000
registertrdue@gmail.com,elsi,ahmadieh,registertrdue@gmail.com,961,760000
registertrue@gmail.com,elsi,ahmadieh,registertrue@gmail.com,961,760000
register@longmsisdn.com,long,msisdn,register@longmsisdn.com,961,1.23457E+
huss.daoud@montymobile.com,husain,daoud,huss.daoud@montymobile.com,86,85565532
forget@true.com,elsi,ahmadieh,forget@true.com,961,788565
elsi@unvrify.gofv,elsi,ahmadieh,elsi@unvrify.gofv,961,7111111
yaman.awad@montymobil3jj.com,yaman,awad,96176819909,961,768199
daoud.daoud@montymobile.com,husain,daoud,daoud.daoud@montymobile.com,961,768199
daoud@daoud.com,Adam,Mawla,daoud@daoud.com,961,769586
redeem@differentt.com,redeem,different,redeem@differentt.com,961,788565
redeem@different.com,redeem,different,redeem@different.com,961,788565
redeem@invalidweb.com,redeem,invalid,redeem@invalidweb.com,961,788565
hsen.daoud@gmial.co,ividgibs,dgibibs,hsen.daoud@gmial.co,961,30303
edit@user.info,elsi,ahmadieh,edit@user.info,961,788565
elsi@redemshort.com,elsi,ahmadieh,elsi@redemshort.com,961,788565
yaman.awad@montyholding.com,yaman,awad,yaman.awad@montyholding.com,961,768199
ad@monty.com,test,test,ad@monty.com,961,713540
hsen.daoud@gmial.com,ividgibs,dgibibs,hsen.daoud@gmial.com,961,30303
hzih@mpnty.com,vxrig,gzigs,hzih@mpnty.com,961,30303
qa@husain.com,husain,daoud,qa@husain.com,961,30303
hdueu@monty.com,hdhdh,fhv,hdueu@monty.com,961,30303
vverify@email.cmv,elsi,ahmadieh,vverify@email.cmv,444,788565
husain.da@gmail.com,husain,daoud,husain.da@gmail.com,86,85565532
register@web.cont,elsi,ahmadieh,register@web.cont,961,788565
register@web.con,elsi,ahmadieh,register@web.con,961,788565
raine@montymobile.com,elsi,test,raine@montymobile.com,961,788565
register@web.com,elsi,ahmadieh,register@web.com,961,788565
buy@uae.com,husain,daoud,buy@uae.com,86,532131212
overall@nuser.edits,overall,user,overall@nuser.edits,999,788565
overall@user.edits,overall,user,overall@user.edits,999,788565
overal@redeem.com,elsii,ahmadieh,overal@redeem.com,777,788565
vverify@email.cm,elsi,ahmadieh,vverify@email.cm,444,788565
elsi@redeemshort.com,elsi,ahmadieh,elsi@redeemshort.com,961,788565
redeem@used.com,elsi,ahmadieh,redeem@used.com,961,788565
delete@husainaccount.com,test,test,delete@husainaccount.com,86,532131242
husain.da@hotmail.com,husain,daoud,husain.da@hotmail.com,86,85565532
husain.da@montymobile.com,husain,daoud,husain.da@montymobile.com,86,85565532
hus.da@montymobile.com,husain,daoud,hus.da@montymobile.com,86,85565532
changepass@montyclub.com,test,testyt,changepass@montyclub.com,86,532123351
testfor@m.com,test,test,testfor@m.com,86,532123365
hus.da@montym.co,husain,daoud,hus.da@montym.co,86,85565532
un@unverified.com,test,test,un@unverified.com,86,532134512
amin.haddaddd@montymobile.com,elsi,ahmadieh,amin.haddaddd@montymobile.com,961,788565
login@true.com,elsi,ahmadieh,login@true.com,961,788565
verify@nulllpin.como,elsi,ahmadieh,verify@nulllpin.como,111,788565
verify@nulpin.como,elsi,ahmadieh,verify@nulpin.como,111,788565
verify@wrongpinn.cod,elsi,ahmadieh,verify@wrongpinn.cod,123,788565
verify@afterlimitrea.cox,elsi,ahmadieh,verify@afterlimitrea.cox,4125,788565
verify@verifyd.coy,elsi,ahmadieh,verify@verifyd.coy,123,788565
elsi@unvrify.gov,elsi,ahmadieh,elsi@unvrify.gov,961,7111111
elsi@unvrif.gov,elsi,ahmadieh,elsi@unvrif.gov,961,7111111
elsi@unvrif.govn,elsi,ahmadieh,elsi@unvrif.govn,961,788565
husain.ttest@monty.com,test,test,husain.ttest@monty.com,86,56461512
reset@usepass.cond,elsi,testjfdhfhhg,reset@usepass.cond,961,123456
reset@usepass.comd,elsi,testjfdhfhhg,reset@usepass.comd,961,123456
reset@userpass.comd,elsi,testjfdhfhhg,reset@userpass.comd,961,788565
reset@userpass.com,elsi,testjfdhfhhg,reset@userpass.com,961,788565
registerinvalid@pi12.com,husain,daoud,registerinvalid@pi12.com,86,85565532
forgot@pas.com,husqin,test,forgot@pas.com,86,532154312
forget@psdlimt.come,elsi,test,forget@psdlimt.come,961,788565
verify@afterlimit.ccds,verify,limitt,verify@afterlimit.ccds,961,788565
verify@afterlimit.cods,verify,limitt,verify@afterlimit.cods,961,788565
qa@montymobilex.com,elsi,test,qa@montymobilex.com,961,788565
verify@afterlimit.cod,verify,limitt,verify@afterlimit.cod,961,788565
husain@changepass.com,husain,daoud,husain@changepass.com,86,532142333
qa@montyxxmobile.com,elsi,test,qa@montyxxmobile.com,961,788565
resend@reachlimit.comn,resend,limit,resend@reachlimit.comn,961,788565
resend@reachlimit.com,resend,limit,resend@reachlimit.com,961,788565
resend@verifemail.com,resend,verification,resend@verifemail.com,961,711234
hghrkeeww@d3est.cee,elsi,ahmadieh,hghrkeeww@d3est.cee,961,760000
www@dd.com,elsi,test,www@dd.com,961,788565
qa@mon4tymobile.com,elsi,test,qa@mon4tymobile.com,961,788565
roubarhayem@hotmail.com,rouba,rhayem,96176492092,961,764920
verify@afterlimitrea.co,elsi,ahmadieh,verify@afterlimitrea.co,4125,788565
joe.shaaya@gmail.com,joe,test,joe.shaaya@gmail.com,961,703705
register@invalidpinuser.com,xxxxx,ajhjkkkk,register@invalidpinuser.com,961,769586
registhh@elsi.com,elsi,ahmadieh,registhh@elsi.com,961,711111
regstr@usernew.co,elsi,ahmadieh,regstr@usernew.co,961,760000
regstr@usernew.com,elsi,ahmadieh,regstr@usernew.com,961,760000
rachad.ane@montymobile.com,elsi,test,rachad.ane@montymobile.com,961,788565
hghrkeei@ooodd3est.cee,elsi,ahmadieh,hghrkeei@ooodd3est.cee,961,760000
registerinvalid@pin1.com,husain,daoud,registerinvalid@pin1.com,86,532233333
register@newesthusain.com,husain,daoud,register@newesthusain.com,86,532233333
husain@resendverif.com,husain,daoud,husain@resendverif.com,86,532233333
nullpin@register.com,husain,daoud,nullpin@register.com,86,532233333
hus@skipverif.com,husain,daoud,hus@skipverif.com,86,532233333
registerinvalid@pin.com,husain,daoud,registerinvalid@pin.com,86,532233333
resendmultiple@regsiterhusain.com,husain,daoud,resendmultiple@regsiterhusain.com,86,532233333
hayeu@ndb.co,gehshs,dydnndn,hayeu@ndb.co,86,532164212
qa@montymoo8le.co,bbbvbvbvbvbv,test,qa@montymoo8le.co,961,30303
hghrkeei@wdd3est.cee,elsi,ahmadieh,hghrkeei@wdd3est.cee,961,760000
test@deletehusain.com,husain,daoud,test@deletehusain.com,86,532313522
hghi@wdd3est.cot,elsi,ahmadieh,hghi@wdd3est.cot,961,760000
hghi@wev3est.co,elsi,ahmadieh,hghi@wev3est.co,961,760000
hghi@wev3est.net,elsi,ahmadieh,hghi@wev3est.net,961,760000
hghi@wev3est.cot,elsi,ahmadieh,hghi@wev3est.cot,961,760000
hghi@we3est.cot,elsi,ahmadieh,hghi@we3est.cot,961,760000
hghi@weest.cot,elsi,ahmadieh,hghi@weest.cot,961,760000
hghi@newweest.cot,elsi,ahmadieh,hghi@newweest.cot,961,760000
hghi@newweest.conv,elsi,ahmadieh,hghi@newweest.conv,961,760000
hghgi@newweest.conv,elsi,ahmadieh,hghgi@newweest.conv,961,760000
regi@newweest.conv,elsi,ahmadieh,regi@newweest.conv,961,760000
regi@newweest.con,elsi,ahmadieh,regi@newweest.con,961,760000
regis@newweest.con,elsi,ahmadieh,regis@newweest.con,961,760000
erer@erer.com,yyrey,frgfrg,erer@erer.com,961,78956
registe@newweest.con,elsi,ahmadieh,registe@newweest.con,961,760000
qa@montymobfdghile.com,grdtgd,dghdgy,qa@montymobfdghile.com,961,123456
qa@montymuytfobile.com,gvyfyytfy,fty,qa@montymuytfobile.com,961,123456
registe@newest.con,elsi,ahmadieh,registe@newest.con,961,760000
unverified@multiple.com,test,test,unverified@multiple.com,86,532124531
test.nonverified@gmail.com,test,test,test.nonverified@gmail.com,86,532124531
husain.daoud114@gmail.com,husain,Daoud,husain.daoud114@gmail.com,86,139109988
rod.esim@monty.com,test,test,rod.esim@monty.com,86,532164312
ali.kasem.merhi@gmail.com,alim,merhi,ali.kasem.merhi@gmail.com,961,707270
al.merhi@montymobile.com,ali,merhi,al.merhi@montymobile.com,961,707270
husain@editdata.com,husain,daoud,husain@editdata.com,86,85565532
husain.hsxbch@montymobile.com,husain,daoud,husain.hsxbch@montymobile.com,86,139109988
verify@wrongpins.cod,elsi,ahmadieh,verify@wrongpins.cod,123,788565
verify@wrongpins.comst,elsi,ahmadieh,verify@wrongpins.comst,123,788565
verify@wrongcountrycode.com,elsi,ahma,verify@wrongcountrycode.com,961,788565
husain.hh@montymobile.com,husain,daoud,husain.hh@montymobile.com,86,139109988
amin.nnvv2@montymobile.com,husain,daoud,amin.nnvv2@montymobile.com,86,139109988
bdhdhe@m.co,heheh,hdhdjd,bdhdhe@m.co,86,81313121
bdhdh@m.co,heheh,hdhdjd,bdhdh@m.co,86,81313121
amin.kkv@montymobile.com,husain,daoud,amin.kkv@montymobile.com,86,139109988
amin.qq@montymobile.com,husain,daoud,amin.qq@montymobile.com,86,139109988
amin.nn2@montymobile.com,husain,daoud,amin.nn2@montymobile.com,86,139109988
amin.wpp@montymobile.com,husain,daoud,amin.wpp@montymobile.com,86,139109988
amiem.m22@montymobile.com,husain,daoud,amiem.m22@montymobile.com,86,139109988
verify@nullmsisdn.com,elsi,ahma,verify@nullmsisdn.com,961,788565
amin.kk@montymobile.com,husain,daoud,amin.kk@montymobile.com,86,139109988
amin.e22344@montymobile.com,husain,daoud,amin.e22344@montymobile.com,86,139109988
amin.e12344@montymobile.com,husain,daoud,amin.e12344@montymobile.com,86,139109988
amiemft.m@montymobile.com,husain,daoud,amiemft.m@montymobile.com,86,139109988
amiem.m@montymobile.com,husain,daoud,amiem.m@montymobile.com,86,139109988
amin.bbl@montymobile.com,husain,daoud,amin.bbl@montymobile.com,86,139109988
amin.bbn@montymobile.com,husain,daoud,amin.bbn@montymobile.com,86,139109988
amin.ez1zzz9@montymobile.com,husain,daoud,amin.ez1zzz9@montymobile.com,86,139109988
amien.e12v3@montymobile.com,husain,daoud,amien.e12v3@montymobile.com,86,139109988
amien.e123@montymobile.com,husain,daoud,amien.e123@montymobile.com,86,139109988
teshe@neje.co,bdbdbd,behdbd,teshe@neje.co,86,512316127
limit@resetlimit.comn,elsi,ahma,96171448884,961,714488
reset@true.comn,elsi,ahma,reset@true.comn,961,714488
vv@email.cm,elsi,ahmadieh,vv@email.cm,444,788565
vv@email.com,elsi,ahmadieh,vv@email.com,444,788565
capital@monty.com,wst,test,capital@monty.com,86,512451213
amin.bvuzo@montymobile.com,husain,daoud,amin.bvuzo@montymobile.com,86,139109988
overall@redeem.com,elsii,ahmadieh,overall@redeem.com,777,788565
overall@user.cns,overall,user,overall@user.cns,999,788565
overall@user.cons,overall,user,overall@user.cons,999,788565
overall@user.con,overall,user,overall@user.con,999,788565
overall@user.com,overall,user,overall@user.com,999,788565
verif@demail.dde,elsi,ahmadieh,verif@demail.dde,444,788565
verify@demail.dde,elsi,ahmadieh,verify@demail.dde,444,788565
verify@demail.dsw,elsi,ahmadieh,verify@demail.dsw,444,788565
verify@demail.dss,elsi,ahmadieh,verify@demail.dss,444,788565
verify@demail.ds,elsi,ahma,verify@demail.ds,961,714488
amin.bv4m@montymobile.com,husain,daoud,amin.bv4m@montymobile.com,86,139109988
amin.v4m@montymobile.com,husain,daoud,amin.v4m@montymobile.com,86,139109988
husainun.v@g.com,hxuc,hcuf,husainun.v@g.com,86,55622156
test@unverif.com,test,test,test@unverif.com,961,30303
test@unve.com,test,test,test@unve.com,961,30303
ios@unver.com,test,test,ios@unver.com,961,30303
heheh@he.com.com,tege,grbdj,heheh@he.com.com,961,30303
resend@verificlimit.cof,elsi,limit,resend@verificlimit.cof,961,12345
resend@verification.cll,resend,verification,resend@verification.cll,111,710000
resend@verificlimit.coms,elsi,limit,resend@verificlimit.coms,961,12345
delete@acc.com,test,test,delete@acc.com,961,3.0303E+
elsi@unvrif.comev,elsi,ahmadieh,elsi@unvrif.comev,961,7111111
test1@test.co,husain,daoud,test1@test.co,961,3.03033E+
test@multiattrbute.com,test,test,test@multiattrbute.com,961,30303
test@multiattribute.com,test,test,test@multiattribute.com,961,30303
test@multiattrib.com,test,test,test@multiattrib.com,961,30303
admin@husain.com,test,test,admin@husain.com,961,30303
assign@onnottmatching.com,elsi,ahma,assign@onnottmatching.com,961,714488
husain.dd@ontymobile.com,elsi,ahmadieh,husain.dd@ontymobile.com,444,788565
husain.7c@montymobile.com,elsi,ahmadieh,husain.7c@montymobile.com,444,788565
husain.oo@montymobile.com,test,test,husain.oo@montymobile.com,961,767563
husain.7e@montymobile.com,test,test,husain.7e@montymobile.com,961,767563
husain.75@montymobile.com,test,test,husain.75@montymobile.com,961,767563
husain.1bnz@montymobile.com,husain,test,husain.1bnz@montymobile.com,961,767563
husain.mohvy@montymobile.com,husain,test,husain.mohvy@montymobile.com,961,767563
husain.vzli@montymobile.com,husain,test,husain.vzli@montymobile.com,961,767563
fatima.avb@montymobile.com,husain,test,fatima.avb@montymobile.com,961,767563
redeem@5min.com,elsi,ahma,redeem@5min.com,961,714488
forget@psdlimit.sdsd,elsi,ahma,forget@psdlimit.sdsd,961,714488
elsi@unverif.comev,elsi,ahmadieh,elsi@unverif.comev,961,7111111
forget@psdlimit.come,elsi,ahma,forget@psdlimit.come,961,714488
amin.v3@montymobile.com,husain,daoud,amin.v3@montymobile.com,86,139109988
amin.v1@montymobile.com,husain,daoud,amin.v1@montymobile.com,86,139109988
amin.vv@montymobile.com,husain,daoud,amin.vv@montymobile.com,86,139109988
amin.dxnm@montymobile.com,husain,daoud,amin.dxnm@montymobile.com,86,139109988
amin.dxno@montymobile.com,husain,daoud,amin.dxno@montymobile.com,86,139109988
verify@nullpin.como,elsi,ahmadieh,verify@nullpin.como,111,788565
verify@wrongpins.coms,elsi,ahmadieh,verify@wrongpins.coms,123,788565
amin.dxn@montymobile.com,husain,daoud,amin.dxn@montymobile.com,86,139109988
amin.dxnx@montymobile.com,husain,daoud,amin.dxnx@montymobile.com,86,139109988
amin.dxx@montymobile.com,husain,daoud,amin.dxx@montymobile.com,86,139109988
amin.dczc@montymobile.com,husain,daoud,amin.dczc@montymobile.com,86,139109988
amin.dcc@montymobile.com,husain,daoud,amin.dcc@montymobile.com,86,139109988
amin.dbsv@montymobile.com,husain,daoud,amin.dbsv@montymobile.com,86,139109988
amin.dds@montymobile.com,husain,daoud,amin.dds@montymobile.com,86,139109988
verify@verifyd.com,elsi,ahmadieh,verify@verifyd.com,123,788565
resend@verificlimit.comn,elsi,limit,resend@verificlimit.comn,961,12345
resend@verification.cov,resend,verification,resend@verification.cov,111,710000
unver@unver.com,test,test,unver@unver.com,961,30303
unv@husain.com,test,test,unv@husain.com,961,90333
husaim.daoud@monty.com,test,test,husaim.daoud@monty.com,961,30303
register@elsi.com,elsi,ahma,register@elsi.com,961,714488
elsii.ell@outlook.com,elsii,elsi,elsii.ell@outlook.com,961,123456
test@common.com,test,test,test@common.com,961,30303
elsimontymobile@outlook.com,elsi,monty,elsimontymobile@outlook.com,961,788565
elsimonty@outlook.com,test,monty,elsimonty@outlook.com,961,788565
test@husain1.com,test,test,test@husain1.com,961
test@delete.com,test,test,test@delete.com,961,30303
test@deleteacc.com,test,test,test@deleteacc.com,961,30303
husain.mohv@montymobile.com,husain,test,husain.mohv@montymobile.com,961,767563
husain.moh@montymobile.com,husain,test,husain.moh@montymobile.com,961,767563
husain.5c5@montymobile.com,test,test,husain.5c5@montymobile.com,961,767563
husain.55@montymobile.com,test,test,husain.55@montymobile.com,961,767563
husain.d131@montymobile.com,test,test,husain.d131@montymobile.com,961,767563
husain.1bn@montymobile.com,husain,test,husain.1bn@montymobile.com,961,767563
husain.qqxq@montymobile.com,husain,test,husain.qqxq@montymobile.com,961,767563
fatima.alhvb3@montymobile.com,husain,test,fatima.alhvb3@montymobile.com,961,767563
husain.vli@montymobile.com,husain,test,husain.vli@montymobile.com,961,767563
husain.12wgc@montymobile.com,Admin,Admin,husain.12wgc@montymobile.com,961,767563
husain.qqq@montymobile.com,husain,test,husain.qqq@montymobile.com,961,767563
fatima.alha23@montymobile.com,husain,test,fatima.alha23@montymobile.com,961,767563
husain.vui@montymobile.com,husain,test,husain.vui@montymobile.com,961,767563
fatima.alhaj2xp2@montymobile.com,husain,test,fatima.alhaj2xp2@montymobile.com,961,767563
heh@monday.com,heheh,hdhrh,heh@monday.com,961,65656
fatima.alhaj2032@montymobile.com,husain,test,fatima.alhaj2032@montymobile.com,961,767563
husain.daoud@montyclub.com,test,test,husain.daoud@montyclub.com,961,30303
qa@montymobile.com,dsfsdf,sdfdsfsd,qa@montymobile.com,961,714448
nikhilthomas88@gmail.com,Nikhil,Thomas,nikhilthomas88@gmail.com,971,5081503
login@limit.com,login,limit,login@limit.com,961,788565
elsi@elsi.com,elsi,elsi,elsi@elsi.com,961,711111
husain.12w3c@montymobile.com,husain,test,husain.12w3c@montymobile.com,961,767563
husain.12w3@montymobile.com,husain,test,husain.12w3@montymobile.com,961,767563
husain.12m3@montymobile.com,husain,test,husain.12m3@montymobile.com,961,767563
husain.123@montymobile.com,husain,test,husain.123@montymobile.com,961,767563
husain.hj1@montymobile.com,husain,test,husain.hj1@montymobile.com,961,767563
resend@verification.come,elsi,ahma,resend@verification.come,961,714488
ee@eee.com,elsi,eee,ee@eee.com,961,11234
husain.v4nrq61@montymobile.com,husain,test,husain.v4nrq61@montymobile.com,961,767563
test@elsi.com,test,elsi,test@elsi.com,961,123456
elsi@test.com,elsi,test,elsi@test.com,961,710000
testone@monty.com,hehshe,hshehe,testone@monty.com,961,30303
fatima.alha3@montymobile.com,husain,test,fatima.alha3@montymobile.com,961,767563
husain.d132@montymobile.com,test,test,husain.d132@montymobile.com,961,767563
husain.d12@montymobile.com,test,test,husain.d12@montymobile.com,961,767563
resend@verification.co,resend,verification,resend@verification.co,111,710000
resend@verification.comn,resend,verification,resend@verification.comn,111,710000
resend@verification.com,elsi,ahma,resend@verification.com,961,714488
husain.test@gmail.com,test,test,husain.test@gmail.com,961,30303
husain.daou@montymobile.com,test,test,husain.daou@montymobile.com,86,85131249
elsi@unverif.comes,elsi,ahmadieh,elsi@unverif.comes,961,7111111
hd@gmail.com,test,test,hd@gmail.com,961,30303
h@gmail.com,test,test,h@gmail.com,961,30303
husain.qa@gmail.com,test,test,husain.qa@gmail.com,961,20202
amin.haddad@montymobile.com,test,test,amin.haddad@montymobile.com,961,30303
teswt@gmail.com,hwnsns,bshah,teswt@gmail.com,86,551516133
ali.test@montymobil3.com,Ali,Ali,ali.test@montymobil3.com,961,768199
husaindaoud@monty.com,bensjd,bdnsjeh,husaindaoud@monty.com,86,85211233
husaind@monty.com,fghjfghj,gfhj,husaind@monty.com,961,30303
register@newestuser.com,elsi,ahmadieh,register@newestuser.com,961,760000
edit.husain@withoutnumber.com,elsi,ahma,edit.husain@withoutnumber.com,961,714488
husain.daoudqa@monty.com,husain,daoud,husain.daoudqa@monty.com,961,30303
hus@qa.com,husain,husain,hus@qa.com,961,30303
edit@withoutnumber.com,elsi,ahma,edit@withoutnumber.com,961,714488
edit@withoutsmall.com,elsi,ahma,edit@withoutsmall.com,961,714488
edit@withoutcapital.com,elsi,ahma,edit@withoutcapital.com,961,714488
reset@withoutnumber.com,elsi,ahma,reset@withoutnumber.com,961,714488
reset@withoutsmall.com,elsi,ahma,reset@withoutsmall.com,961,714488
reset@withoutcapital.com,elsi,ahma,reset@withoutcapital.com,961,714488
edit@wrongold.com,elsi,ahma,edit@wrongold.com,961,714488
edit@unverified.com,elsi,ahma,edit@unverified.com,961,714488
edit@shortnew.com,elsi,ahma,edit@shortnew.com,961,714488
edit@shortmsisdn.com,elsi,ahma,edit@shortmsisdn.com,961,714488
edit@shortlname.com,elsi,ahma,edit@shortlname.com,961,714488
edit@shortfname.com,elsi,ahma,edit@shortfname.com,961,714488
edit@sameoldpass.com,elsi,ahma,edit@sameoldpass.com,961,714488
edit@notmatchingpass.com,elsi,ahma,edit@notmatchingpass.com,961,714488
edit@passtrue.com,elsi,ahma,edit@passtrue.com,961,714488
edit@nullretype.com,elsi,ahma,edit@nullretype.com,961,714488
edit@nullold.com,elsi,ahma,edit@nullold.com,961,714488
edit@nullnew.com,elsi,ahma,edit@nullnew.com,961,714488
edit@nullmsisdn.com,elsi,ahma,edit@nullmsisdn.com,961,714488
edit@nulllname.com,elsii,ahma,edit@nulllname.com,961,714488
ghadeer.dagher@montyholding.com,ghadeer,dagher,ghadeer.dagher@montyholding.com,961,30345
edit@nullfname.com,elsi,ahmadieh,edit@nullfname.com,961,714488
edit@nullcode.com,elsi,ahma,edit@nullcode.com,961,714488
edit@msisdn.com,elsi,ahma,edit@msisdn.com,961,711144
edit@longnew.com,elsi,ahma,edit@longnew.com,961,714488
edit@longmsisdn.com,elsi,ahma,edit@longmsisdn.com,961,714488
edit@longlname.com,elsi,ahma,edit@longlname.com,961,714488
edit@longfname.com,elsi,ahma,edit@longfname.com,961,714488
edit@longcode.com,elsi,ahma,edit@longcode.com,961,714488
edit@lastname.com,edit,last,edit@lastname.com,961,714488
edit@invalidpassformat.com,elsi,ahma,edit@invalidpassformat.com,961,714488
test@pass2.com,test,test,test@pass2.com,961,30303
test@changepass.com,test,test,test@changepass.com,961,30303
testchange@pass.com,husain,daoud,testchange@pass.com,961,30303
test@husain.com,test,test,test@husain.com,961,30303
changepass@monty.com,test,test,changepass@monty.com,961,30303
change@password.com,test,test,change@password.com,961,30303
edit@invalidmsisdn.com,elsi,ahma,edit@invalidmsisdn.com,961,714488
edit@invalidlname.com,elsi,ahma,edit@invalidlname.com,961,714488
edit@invalidfname.com,elsi,ahma,edit@invalidfname.com,961,714488
edit@invalidcode.com,elsi,ahma,edit@invalidcode.com,961,714488
edit@firstname.com,edit,first,edit@firstname.com,961,714488
edit@alltrue.com,elsichange,ahmadiehch,edit@alltrue.com,888,700000
check@verified.com,elsi,ahmadieh,check@verified.com,961,714488
check@unverified.com,elsi,ahmadieh,check@unverified.com,961,714488
delete@notlogged.com,elsi,ahmadieh,delete@notlogged.com,961,714488
elsi.ahmadieh@montymobile.com,testn,ahmadieh,elsi.ahmadieh@montymobile.com,961,7885690
forget@psdlimit.com,elsi,ahmadieh,forget@psdlimit.com,961,714488
test@zz.com,test,test,test@zz.com,961,7.67564E+
husain1@voucher15.com,test,test,husain1@voucher15.com,961,30303
husain1@voucher10.com,test,test,husain1@voucher10.com,961,30303
husain1@voucher5.com,test,test,husain1@voucher5.com,961,60303
elsi@unverif.come,elsi,ahmadieh,elsi@unverif.come,961,7111111
elsi@unverif.com,elsi,ahmadieh,elsi@unverif.com,961,714488
test@promo.com,test,test,test@promo.com,961,30303
donot@verify.com,elsi,ahmadieh,donot@verify.com,961,714488
elsi@unverify.co,elsi,ahmadieh,elsi@unverify.co,961,7111111
test@voucher.com,test,test,test@voucher.com,961,30303
resend@verificlimit.com,elsi,limit,resend@verificlimit.com,961,12345
register@unw.com,elsi,ahmadieh,register@unw.com,961,788565
test@forgot1.com,test,test,test@forgot1.com,961,30303
test@forgotpass.com,test,test,test@forgotpass.com,961,30303
test@forgot.com,test,test,test@forgot.com,961,64313
forgotpass@monty.com,test,test,forgotpass@monty.com,961,30303
husain.test188@montymobile.com,husain,test,husain.test188@montymobile.com,961,767563
husain.test223@montymobile.com,husain,test,husain.test223@montymobile.com,961,767563
delete@unverified.com,elsi,ahmadieh,delete@unverified.com,961,714488
contactus@verified.com,elsi,ahmadieh,contactus@verified.com,961,714488
contactus@registered.com,elsi,ahmadieh,contactus@registered.com,961,714488
yaman.awad@montymobil.com,yads,dsfds,yaman.awad@montymobil.com,961,768199
ghadeer.dagher@montymobile.com,test,test,ghadeer.dagher@montymobile.com,961,96131112
test2@hotmail.com,test,test,test2@hotmail.com,961,96131112
test1@gmail.com,test,test,test1@gmail.com,961,31112
test@gmail.com,test,test,test@gmail.com,961,12223
assign@onlinetopup.com,elsi,ahmadieh,assign@onlinetopup.com,961,714488
husain.test5@monty.com,test,test,husain.test5@monty.com,961,30303
husain.test4@monty.com,test,test,husain.test4@monty.com,961,30303
husain.test3@monty.com,test,test,husain.test3@monty.com,961,30303
husain.test2@monty.com,test,test,husain.test2@monty.com,961,30303
husain.test1@monty.com,test,test,husain.test1@monty.com,961,767676
assign@online.com,elsi,ahmadieh,assign@online.com,961,714488
fatima.alhajj1010@montymobile.com,husain,test,fatima.alhajj1010@montymobile.com,961,767563
fatima.alhaj2095@montymobile.com,husain,test,fatima.alhaj2095@montymobile.com,961,767563
no@bundle.com,elsi,ahmadieh,no@bundle.com,961,714488
husain.vvwrqs1@montymobile.com,husain,test,husain.vvwrqs1@montymobile.com,961,767563
fatima.alhaj220q2@montymobile.com,husain,test,fatima.alhaj220q2@montymobile.com,961,767563
husain.vvwrqs@montymobile.com,husain,test,husain.vvwrqs@montymobile.com,961,767563
husain.test149@montymobile.com,husain,test,husain.test149@montymobile.com,961,767563
husain.test159@montymobile.com,husain,test,husain.test159@montymobile.com,961,767563
husain.test150@montymobile.com,husain,test,husain.test150@montymobile.com,961,767563
husain.test10@montymobile.com,husain,test,husain.test10@montymobile.com,961,767563
husain.test121@montymobile.com,husain,test,husain.test121@montymobile.com,961,767563
husain.test1218@montymobile.com,husain,test,husain.test1218@montymobile.com,961,767563
husain.test118@montymobile.com,husain,test,husain.test118@montymobile.com,961,767563
verify@nullcode.com,elsi,ahmadieh,verify@nullcode.com,961,714488
husain.test11123@montymobile.com,husain,test,husain.test11123@montymobile.com,961,767563
husain.test1123@montymobile.com,husain,test,husain.test1123@montymobile.com,961,767563
husain.test123@montymobile.com,husain,test,husain.test123@montymobile.com,961,767563
verify@invalidmsisdn.com,elsi,ahmadieh,verify@invalidmsisdn.com,961,788565
husain.test12@montymobile.com,husain,test,96176756399,961,767563
husain.q12a3q@montymobile.com,husain,test,husain.q12a3q@montymobile.com,961,767563
husain.q2a3q@montymobile.com,husain,test,husain.q2a3q@montymobile.com,961,767563
husain.qa3q@montymobile.com,husain,test,husain.qa3q@montymobile.com,961,767563
husain.qaq@montymobile.com,husain,test,husain.qaq@montymobile.com,961,767563
husain.qq@montymobile.com,husain,test,husain.qq@montymobile.com,961,767563
fatima.alhaj2202@montymobile.com,husain,test,96176756399,961,767563
verify@email.com,elsi,ahmadieh,verify@email.com,444,788565
verify@nullpin.com,elsi,ahmadieh,verify@nullpin.com,961,714488
verify@wrongpins.com,elsi,ahmadieh,verify@wrongpins.com,123,788565
verify@emails.com,elsi,ahmadieh,verify@emails.com,444,788565
verify@afterlimitreach.com,elsi,ahmadieh,verify@afterlimitreach.com,4125,788565
verify@afterlimit.com,elsi,ahmadieh,verify@afterlimit.com,961,788565
unverified.unverified@montymobile.com,husain,test,unverified.unverified@montymobile.com,961,760000
verify@verified.com,elsi,ahmadieh,verify@verified.com,123,788565
resend@verificationlimit.com,elsi,limit,resend@verificationlimit.com,961,12345
unverified.unverifie@montymobile.com,husain,test,unverified.unverifie@montymobile.com,961,760000
elsi.limit@montymobile.cbn,elsi,limit,elsi.limit@montymobile.cbn,961,12345
register@unew.com,elsi,ahmadieh,register@unew.com,961,788565
unverified.unverifi@montymobile.com,husain,test,unverified.unverifi@montymobile.com,961,760000
unverified.unverif@montymobile.com,husain,test,unverified.unverif@montymobile.com,961,760000
register@usernew.com,elsi,ahmadieh,register@usernew.com,961,788565
unverified.unveri@montymobile.com,husain,test,unverified.unveri@montymobile.com,961,760000
unverified.unver@montymobile.com,husain,test,unverified.unver@montymobile.com,961,760000
unverified.un@montymobile.com,husain,test,unverified.un@montymobile.com,961,760000
husain.unverified@montymobile.com,test,test,husain.unverified@montymobile.com,961,36461
husain.test@monty.com,hrueue,heheud,husain.test@monty.com,961,36451
elsi@unverified.co,elsi,ahmadieh,elsi@unverified.co,961,7111111
husain.unverified@monty.com,test,test,husain.unverified@monty.com,961,30202
elsi@unverified.com,elsi,ahmadieh,elsi@unverified.com,961,788565
unverifyd@login.com,elsi,ahmadieh,unverifyd@login.com,961,788565
husain.b@monty.com,test,test,husain.b@monty.com,961,34848
test@unverified.com,test,test,test@unverified.com,961,34848
unverify@login.com,elsi,ahmadieh,unverify@login.com,961,788565
unverified@login.com,elsi,ahmadieh,unverified@login.com,961,788565
login@uvu.com,elsi,ahmadieh,96178856501,961,788565
login@uv.com,elsi,ahmadieh,login@uv.com,961,788565
test@test.com,test,test,test@test.com,961,38461
forget@pwdlimit.com,elsi,ahmadieh,forget@pwdlimit.com,961,788565
88@999.test,elsi,ahmadieh,88@999.test,961,788565
12@132.com,elsi,ahmadieh,12@132.com,961,123456
12@12.com,elsi,ahmadieh,12@12.com,961,788565
allocate@bundle.com,elsi,ahmadieh,allocate@bundle.com,961,788565
reset@true.com,elsi,ahmadieh,reset@true.com,961,788565
adam.mawla@montymobile.com,elsi,ahmadieh,adam.mawla@montymobile.com,961,788565
adam.mawla@montymboile.com,elsi,ahmadieh,adam.mawla@montymboile.com,961,788565
1@1.1,yaman,awad,1@1.1,961,768199
yaman.awad@montymobil3.1,yaman,awad,yaman.awad@montymobil3.1,961,768199
reset@longpass.com,elsi,ahmadieh,reset@longpass.com,961,788565
limit@resetlimit.com,elsi,ahmadieh,limit@resetlimit.com,961,788565
limit@reset.com,elsi,ahmadieh,limit@reset.com,961,788565
said.shatila@montymobile.com,Test,test,said.shatila@montymobile.com,961,760804
husain.daoud109@montymobile.com,husain,test,husain.daoud109@montymobile.com,961,760000
husain.daoudtest@monty.com,test,test,husain.daoudtest@monty.com,961,36526
amin.w382@montymobile.com,husain,daoud,amin.w382@montymobile.com,86,139109988
amin.w32@montymobile.com,husain,daoud,amin.w32@montymobile.com,86,139109988
amin.w3@montymobile.com,husain,daoud,amin.w3@montymobile.com,86,139109988
husain.un@montymobile.com,test,test,husain.un@montymobile.com,961,30303
husain.unverifiedm@monty.com,test,test,husain.unverifiedm@monty.com,961,30303
husain.unverified@gmail.com,test,test,husain.unverified@gmail.com,961,30303
send@qr.com,elsi,ahmadieh,send@qr.com,961,788565
redeem@second.com,elsi,ahmadieh,redeem@second.com,961,788565
redeem@first.com,elsi,ahmadieh,redeem@first.com,961,788565
redeem@expired.com,elsi,ahmadieh,redeem@expired.com,961,788565
redeem@longvoucher.com,elsi,ahmadieh,redeem@longvoucher.com,961,788565
redeem@invalidformat.com,elsi,ahmadieh,redeem@invalidformat.com,961,788565
redeem@invalidshortcode.com,elsi,ahmadieh,redeem@invalidshortcode.com,961,788565
123@345.11,elsi,ahmadieh,123@345.11,961,788565
yaman.awad@montymobil3.com,yaman,awad,yaman.awad@montymobil3.com,961,768199
assign@new.com,elsi,ahmadieh,assign@new.com,961,788565
amin.ez223@montymobile.com,husain,daoud,amin.ez223@montymobile.com,86,139109988
amin.ez22@montymobile.com,husain,daoud,amin.ez22@montymobile.com,86,139109988
amin.ez13@montymobile.com,husain,daoud,amin.ez13@montymobile.com,86,139109988
husain.v@monty.com,test,test,husain.v@monty.com,86,515451545
amin.ez19@montymobile.com,husain,daoud,amin.ez19@montymobile.com,86,139109988
amin.ez119@montymobile.com,husain,daoud,amin.ez119@montymobile.com,86,139109988
amin.ez110@montymobile.com,husain,daoud,amin.ez110@montymobile.com,86,139109988
amin.ez112@montymobile.com,husain,daoud,amin.ez112@montymobile.com,86,139109988
amin.ez11@montymobile.com,husain,daoud,amin.ez11@montymobile.com,86,139109988
amin.ez1@montymobile.com,husain,daoud,amin.ez1@montymobile.com,86,139109988
amin.ezz1@montymobile.com,husain,daoud,amin.ezz1@montymobile.com,86,139109988
amin.haddadd@montymobile.com,husain,daoud,amin.haddadd@montymobile.com,86,139109988
amin.daoud1@montymobile.com,husain,daoud,amin.daoud1@montymobile.com,86,139109988
husain.daoud22@montymobile.com,bbgtt,bffgv,husain.daoud22@montymobile.com,961,30303
husain.dd@montymobile.com,husain,test,husain.dd@montymobile.com,961,30303
assem.dandan@montymobile.com,Assem,Dandan,assem.dandan@montymobile.com,961,767601
husain.daoud19@montymobile.com,husain,test,husain.daoud19@montymobile.com,961,760000
hussein.daoud1999@gmail.com,husain,daoud,hussein.daoud1999@gmail.com,961,30303
ali.merhi@montymobile.com,ali,merhi,96170727050,961,707270
reset@nullotp.com,elsi,ahmadieh,reset@nullotp.com,961,788565
ali.talalhammoud@gmail.com,Ali,Hammoud,ali.talalhammoud@gmail.com,961,31071
reset@shortpass.com,elsi,ahmadieh,reset@shortpass.com,961,788565
reset@afterlimit.gov,elsi,ahmadieh,reset@afterlimit.gov,961,788565
reset@afterlimit.com,elsi,ahmadieh,reset@afterlimit.com,961,788565
reset@afterlimitreached.com,elsi,ahmadieh,reset@afterlimitreached.com,961,788565
newghadeer2@outlook.com,ghadeer,dagher,newghadeer2@outlook.com,961,30345
forget@passlimit.com,elsi,ahmadieh,forget@passlimit.com,961,788565
login@wrongcreds.com,elsi,ahmadieh,login@wrongcreds.com,961,788565
login@unverified.com,elsi,ahmadieh,login@unverified.com,961,788565
login@passnull.com,elsi,ahmadieh,login@passnull.com,961,788565
registered@verified.com,elsi,ahmadieh,registered@verified.com,961,788565
registered@unverified.com,elsi,ahmadieh,registered@unverified.com,961,7885
adnankhurshid.awan@gmail.com,adnan,awan,adnankhurshid.awan@gmail.com,92,32241842
register@nwuser.com,elsi,ahmadieh,register@nwuser.com,961,760000
hayat.bourgi@gmail.com,yaman,awad,hayat.bourgi@gmail.com,961,713208
abbas.hoteit@montymobile.com,,,abbas.hoteit@montymobile.com
abbas.hoteit@montymobile.comg,,,abbas.hoteit@montymobile.comg
abbass.hoteit@montymobile.com,,,abbass.hoteit@montymobile.com
abdallahezze@gmail.com,,,abdallahezze@gmail.com
abdallahezze@montymobile.com,,,abdallahezze@montymobile.com
abed.ezz@montyholding.com,,,abed.ezz@montyholding.com
abed.ezz@montymobil.com,,,abed.ezz@montymobil.com
abed.ezz@montymobile.ckm,,,abed.ezz@montymobile.ckm
abed.ezz@montymobile.com,,,abed.ezz@montymobile.com
abed.ezz@montymobile.con,,,abed.ezz@montymobile.con
abtar.ziad@gmail.com,,,abtar.ziad@gmail.com
adnan.kurshid@montyholding.com,,,adnan.kurshid@montyholding.com
adnanawan12@yahoo.co.uk,,,adnanawan12@yahoo.co.uk
ali.hammoud@montyholding.com,,,ali.hammoud@montyholding.com
ali.merhi@icloud.com,,,ali.merhi@icloud.com
ali.monty@gmail.com,,,ali.monty@gmail.com
ali.t123123@1234.com,,,ali.t123123@1234.com
ali.t12@1234.com,,,ali.t12@1234.com
ali.talal@gmail.co,,,ali.talal@gmail.co
aliiiii11@live.com,,,aliiiii11@live.com
aliodeveloper@gmail.com,,,aliodeveloper@gmail.com
aliosdevelop@gmail.com,,,aliosdevelop@gmail.com
aliosdeveloper@gmail.com,,,aliosdeveloper@gmail.com
amin.amin@monty.com,,,amin.amin@monty.com
aned.ezz@montymobile.com,,,aned.ezz@montymobile.com
antonyhayek@outlook.com,,,antonyhayek@outlook.com
asd@gmail.co,,,asd@gmail.co
assem.dandan@gmail.com,,,assem.dandan@gmail.com
assem.dandan@montyholding.com,,,assem.dandan@montyholding.com
assign@nulcvv.com,,,assign@nulcvv.com
assign@nullcc.com,,,assign@nullcc.com
assign@nulldate.com,,,assign@nulldate.com
assign@nullname.com,,,assign@nullname.com
assign@nullnumber.com,,,assign@nullnumber.com
assign@wrongcc.com,,,assign@wrongcc.com
assign@wrongdate.com,,,assign@wrongdate.com
assign@wrongname.com,,,assign@wrongname.com
assign@wrongnumber.com,,,assign@wrongnumber.com
assignee@ine.com,,,assignee@ine.com
assignee@online.com,,,assignee@online.com
buy@refer.com,,,buy@refer.com
buy@refer.net,,,buy@refer.net
buy@referr.net,,,buy@referr.net
ceyowi7540@mustbeit.com,,,ceyowi7540@mustbeit.com
charbel.wazen@montymobile.com,,,charbel.wazen@montymobile.com
delete@delete.com,,,delete@delete.com
delete@user.coms,,,delete@user.coms
dghf@jhdf.co,,,dghf@jhdf.co
e7h6h6@google.com,,,e7h6h6@google.com
elsi.adieh@montymobile.com,,,elsi.adieh@montymobile.com
elsi.ahmavdieh@montymobile.com,,,elsi.ahmavdieh@montymobile.com
elsi.ahqmadieh@montymobile.com,,,elsi.ahqmadieh@montymobile.com
elsi@eerdfej.bbb,,,elsi@eerdfej.bbb
elsi@eerdfej.bkb,,,elsi@eerdfej.bkb
elsi@eerdwej.bksb,,,elsi@eerdwej.bksb
elsi@eerzdwaej.byy,,,elsi@eerzdwaej.byy
elsi@eerzdwej.bksb,,,elsi@eerzdwej.bksb
elsi@redeemsdhort.com,,,elsi@redeemsdhort.com
elsi@sunvdfej.bbb,,,elsi@sunvdfej.bbb
elsi@sunvdferfify.gofvd,,,elsi@sunvdferfify.gofvd
elsi@sunvdferify.gofvd,,,elsi@sunvdferify.gofvd
elsi@sunvdfesr.bbb,,,elsi@sunvdfesr.bbb
elsi@sunvdfesrfify.gofvd,,,elsi@sunvdfesrfify.gofvd
elsi@sunverify.gofvd,,,elsi@sunverify.gofvd
elsi@user.com,,,elsi@user.com
elsiw.ahqmadieh@montymobile.com,,,elsiw.ahqmadieh@montymobile.com
elsiw.ahqmsadieh@montymobile.com,,,elsiw.ahqmsadieh@montymobile.com
elsiw.ahqmsadiqeh@montymobile.com,,,elsiw.ahqmsadiqeh@montymobile.com
elsiw.ahqmsadiqesh@montymobile.com,,,elsiw.ahqmsadiqesh@montymobile.com
elsiww.ahqmsadiqesh@montymobile.com,,,elsiww.ahqmsadiqesh@montymobile.com
fatima.alhajj@montymobile.com,,,fatima.alhajj@montymobile.com
fufufud@ug.co,,,fufufud@ug.co
fyfufud@jvu.co,,,fyfufud@jvu.co
gdhur@njr.com,,,gdhur@njr.com
gggg@jkjj.com,,,gggg@jkjj.com
hadi.raychouni@montymobile.com,,,hadi.raychouni@montymobile.com
hayat.bourgi@montyholding.com,,,hayat.bourgi@montyholding.com
hayat1.bourgi@montyholding.com,,,hayat1.bourgi@montyholding.com
hcihiwd@jd.fp,,,hcihiwd@jd.fp
hdhdue@jeie.co,,,hdhdue@jeie.co
hdheh@jehe.com,,,hdheh@jehe.com
hdhsh@heheh.co,,,hdhsh@heheh.co
hejejdjfjrjrjrj@outlook.com,,,hejejdjfjrjrjrj@outlook.com
hgf@hte.co,,,hgf@hte.co
@gmail.com,,,@gmail.com
hshdh.dhlrk@meie.co,,,hshdh.dhlrk@meie.co
hsiwueu@jrh.com,,,hsiwueu@jrh.com
hsuain@jdh.com,,,hsuain@jdh.com
hsuainciis@monvn.com,,,hsuainciis@monvn.com
hus@test.co,,,hus@test.co
husa.daoud@montymobile.com,,,husa.daoud@montymobile.com
husaib@iedjf.co,,,husaib@iedjf.co
husaihufw@ijfg.co,,,husaihufw@ijfg.co
husain.daoud@gmail.com,,,husain.daoud@gmail.com
husain.daoud@mn.co,,,husain.daoud@mn.co
husain.daoud@modf.com,,,husain.daoud@modf.com
husain.daoud@mont.co,,,husain.daoud@mont.co
husain.daoud@monty.com,,,husain.daoud@monty.com
husain.daoud@monty.con,,,husain.daoud@monty.con
husain.daoud@montymobikle.cok,,,husain.daoud@montymobikle.cok
husain.daoud@montymobile.com,,,husain.daoud@montymobile.com
husain.daoud@montymobile.net,,,husain.daoud@montymobile.net
husain.daoud@montymobilew.net,,,husain.daoud@montymobilew.net
husain.daoud@montymovbile.com,,,husain.daoud@montymovbile.com
husain.daoud@montymovile.com,,,husain.daoud@montymovile.com
husain.daoud@msiru.com,,,husain.daoud@msiru.com
husain.daoud@vou.ne,,,husain.daoud@vou.ne
husain.daoud@vouccher.com,,,husain.daoud@vouccher.com
husain.daoud@voucheer.ne,,,husain.daoud@voucheer.ne
husain.daoud@voucher.com,,,husain.daoud@voucher.com
husain.daoud@voucher.ne,,,husain.daoud@voucher.ne
husain.husain@montymobile.com,,,husain.husain@montymobile.com
husain.husain@montymobile.con,,,husain.husain@montymobile.con
husain.qa@montymob.com,,,husain.qa@montymob.com
husain.qa@montymob.ne,,,husain.qa@montymob.ne
husain.qa@montymob.net,,,husain.qa@montymob.net
husain.qa@montymobile.co,,,husain.qa@montymobile.co
husain.qa@montymobile.com,,,husain.qa@montymobile.com
husain.qa@montymobile.net,,,husain.qa@montymobile.net
husain.qa@montymobilee.com,,,husain.qa@montymobilee.com
husain.reachlimiit@outlook.com,,,husain.reachlimiit@outlook.com
husain.reachlimiit@outlook.net,,,husain.reachlimiit@outlook.net
husain.reachlimit10@gmail.com,,,husain.reachlimit10@gmail.com
husain.reachlimit10@gmail.net,,,husain.reachlimit10@gmail.net
husain.testpin@monty.co,,,husain.testpin@monty.co
husain.testpin@monty.com,,,husain.testpin@monty.com
husain.testpin@montymob.co,,,husain.testpin@montymob.co
husain.testpin@montymobile.com,,,husain.testpin@montymobile.com
husain@daoud2miejnfv.co,,,husain@daoud2miejnfv.co
husain@mdeimf.com,,,husain@mdeimf.com
husain@reachlimit.co,,,husain@reachlimit.co
husain@reachlimit.com,,,husain@reachlimit.com
husaindaou@gmsi.co,,,husaindaou@gmsi.co
husaindaou@gmsi.com,,,husaindaou@gmsi.com
husains@msje.com,,,husains@msje.com
husainx.hsh@montuheh.com,,,husainx.hsh@montuheh.com
idfg@ijr.co,,,idfg@ijr.co
ihdf@uhd.co,,,ihdf@uhd.co
iure@oiujref.com,,,iure@oiujref.com
jad.ghalayini@montyholding.com,,,jad.ghalayini@montyholding.com
jdhrhdh@jdh.co,,,jdhrhdh@jdh.co
jejdhe@jehd.com,,,jejdhe@jehd.com
jessica.dahdouh@montymobile.com,,,jessica.dahdouh@montymobile.com
jeu4u4ueueueushduru@monty.co,,,jeu4u4ueueueushduru@monty.co
jeu4u4ueueueushduru@monty.com,,,jeu4u4ueueueushduru@monty.com
jeu4u4ueueueushduru@monty.net,,,jeu4u4ueueueushduru@monty.net
jilonov224@ibansko.com,,,jilonov224@ibansko.com
joe.maghzal@icloud.com,,,joe.maghzal@icloud.com
joe.maghzal@montyholding.com,,,joe.maghzal@montyholding.com
joe.maghzal@montymobile.com,,,joe.maghzal@montymobile.com
joe.maghzal@montymobile.om,,,joe.maghzal@montymobile.om
jsjdh@jeh.co,,,jsjdh@jeh.co
kamoc44004@brandoza.com,,,kamoc44004@brandoza.com
limit@limitreach.com,,,limit@limitreach.com
limit@limitreach11.com,,,limit@limitreach11.com
limit@limitreach11.net,,,limit@limitreach11.net
limit@limitreach31.com,,,limit@limitreach31.com
limit@reach.co,,,limit@reach.co
limit@reach.com,,,limit@reach.com
limit@reach.net,,,limit@reach.net
limit@reachh.cem,,,limit@reachh.cem
limit@reachh.co,,,limit@reachh.co
limit@reagh.co,,,limit@reagh.co
login.reachlimit10@gmail.com,,,login.reachlimit10@gmail.com
login.reachlimit10@gmail.net,,,login.reachlimit10@gmail.net
login@doesnatexist.con,,,login@doesnatexist.con
login@doesntexist.con,,,login@doesntexist.con
login@flow.com,,,login@flow.com
login@new.com,,,login@new.com
login@news.com,,,login@news.com
login@trues.com,,,login@trues.com
logint@true.com,,,logint@true.com
m.najdi@hotmail.com,,,m.najdi@hotmail.com
mitor36961@chotunai.com,,,mitor36961@chotunai.com
mohamad.najdi@montyholding.com,,,mohamad.najdi@montyholding.com
"mohamad.najdi
",,,"mohamad.najdi
"
mohamad.najdi@montymobile.com,,,mohamad.najdi@montymobile.com
mohammad.najdi@montymobile.com,,,mohammad.najdi@montymobile.com
monty@monty.com,,,monty@monty.com
monty@montyclub.com,,,monty@montyclub.com
new@rwr.com,,,new@rwr.com
newest@refer.com,,,newest@refer.com
newest@refer.net,,,newest@refer.net
newest@referr.net,,,newest@referr.net
no@profile.com,,,no@profile.com
orga15agentuser1@gmail.com,,,orga15agentuser1@gmail.com
orga16orga16@gmail.com,,,orga16orga16@gmail.com
phonehub.lb@gmail.com,,,phonehub.lb@gmail.com
r-alamine@hotmail.com,,,r-alamine@hotmail.com
reach@limiit.com,,,reach@limiit.com
reach@limit.com,,,reach@limit.com
reach@limitt.co,,,reach@limitt.co
reach@limtt.com,,,reach@limtt.com
reachh@limiit.com,,,reachh@limiit.com
reachh@limiit1.com,,,reachh@limiit1.com
reachh@limiit2.com,,,reachh@limiit2.com
reachh@limiit3.com,,,reachh@limiit3.com
redeedm@longvoucher.com,,,redeedm@longvoucher.com
redeem@hus.com,,,redeem@hus.com
redeem@invalidformat.comd,,,redeem@invalidformat.comd
redeem@invalidshdortcode.com,,,redeem@invalidshdortcode.com
redeem@redeem.com,,,redeem@redeem.com
refer@gmail.com,,,refer@gmail.com
referrewards@gmail.com,,,referrewards@gmail.com
refertest@gmail.com,,,refertest@gmail.com
register@web.covct,,,register@web.covct
register@web.covt,,,register@web.covt
registertrxdude@dsgmail.com,,,registertrxdude@dsgmail.com
resednt@verification.cll,,,resednt@verification.cll
resend@readchlimit.comn,,,resend@readchlimit.comn
resend@verificclimit.cof,,,resend@verificclimit.cof
resenwd@verificclimit.cs,,,resenwd@verificclimit.cs
rewardrefer@gmail.com,,,rewardrefer@gmail.com
rewards123@gmail.com,,,rewards123@gmail.com
rewards124@gmail.com,,,rewards124@gmail.com
rewards12@gmail.com,,,rewards12@gmail.com
rewards1@gmail.com,,,rewards1@gmail.com
rewards@gmail.com,,,rewards@gmail.com
rewardsa@gmail.com,,,rewardsa@gmail.com
rhftf@jfrjh.cmcj,,,rhftf@jfrjh.cmcj
rodikahale@hotmail.com,,,rodikahale@hotmail.com
rrr@w.cc,,,rrr@w.cc
rtrrtr@ine.com,,,rtrrtr@ine.com
rtrrtr@ine.ggcom,,,rtrrtr@ine.ggcom
sara.zakaria@montyholding.com,,,sara.zakaria@montyholding.com
sdf@osd.com,,,sdf@osd.com
std@fttg.co,,,std@fttg.co
tafgh@mnbnb.com,,,tafgh@mnbnb.com
talar.kou@montymobile.com,,,talar.kou@montymobile.com
tamy.mawwas@montymobile.com,,,tamy.mawwas@montymobile.com
tes@sting.com,,,tes@sting.com
test.daou@gmail.com,,,test.daou@gmail.com
test13@test.coom,,,test13@test.coom
test@limit.co,,,test@limit.co
test@limit.net,,,test@limit.net
test@reachlimit.co,,,test@reachlimit.co
test@reachlimit.com,,,test@reachlimit.com
test@reachlimit.net,,,test@reachlimit.net
test@redeem.com,,,test@redeem.com
test@test.test,,,test@test.test
test@test1.com,,,test@test1.com
test@test1.net,,,test@test1.net
test@test12.com,,,test@test12.com
test@testhusain.com,,,test@testhusain.com
test@testing.com,,,test@testing.com
test_yaman_1@monty.com,,,test_yaman_1@monty.com
test_yaman_2@monty.com,,,test_yaman_2@monty.com
testa@test.com,,,testa@test.com
tester@evba.ca,,,tester@evba.ca
tester_email_monty5@hotmail.com,,,tester_email_monty5@hotmail.com
tester_email_monty@hotmail.com,,,tester_email_monty@hotmail.com
tetsts@eue.ckci,,,tetsts@eue.ckci
ucshaiuf@kjdf.co,,,ucshaiuf@kjdf.co
uheoiu@ki.co,,,uheoiu@ki.co
veardify@elsiatlimit.cox,,,veardify@elsiatlimit.cox
veardify@elsiatlimit.coxs,,,veardify@elsiatlimit.coxs
veardifzy@elsiatlimit.coxs,,,veardifzy@elsiatlimit.coxs
verdidfzy@elsiatlimit.coxs,,,verdidfzy@elsiatlimit.coxs
verdify@elsiatlimit.cox,,,verdify@elsiatlimit.cox
verif@veridfyd.coy,,,verif@veridfyd.coy
verif@veridsfyd.coy,,,verif@veridsfyd.coy
verify@elsiatlimit.cox,,,verify@elsiatlimit.cox
versify@wrongpinn.conn,,,versify@wrongpinn.conn
versifyy@nulllpin.como,,,versifyy@nulllpin.como
vesadsardifzy@elsiatlimit.coxs,,,vesadsardifzy@elsiatlimit.coxs
vesadseeardidfzy@elsiatlimit.coxs,,,vesadseeardidfzy@elsiatlimit.coxs
vesadseeardifzy@elsiatlimit.coxs,,,vesadseeardifzy@elsiatlimit.coxs
vesardifzy@elsiatlimit.coxs,,,vesardifzy@elsiatlimit.coxs
vesasardifzy@elsiatlimit.coxs,,,vesasardifzy@elsiatlimit.coxs
voucher@ten.com,,,voucher@ten.com
wodir52337@chotunai.com,,,wodir52337@chotunai.com
xeibih@hdj.cp,,,xeibih@hdj.cp
yaman.awad22@montymobile.com,,,yaman.awad22@montymobile.com
yaman.awad2@hotmail.com,,,yaman.awad2@hotmail.com
yaman.awad2@montymobile.com,,,yaman.awad2@montymobile.com
yaman.awad@hotmail.com,,,yaman.awad@hotmail.com
yaman.awad@montymobile.com,,,yaman.awad@montymobile.com
yaman.awaddssd22@montymobile.com,,,yaman.awaddssd22@montymobile.com
yaman.awadnewnew@montymobile.com,,,yaman.awadnewnew@montymobile.com
yaman.awadtestessdsdst@montymobile.com,,,yaman.awadtestessdsdst@montymobile.com
yaman.awadtestest@montymobile.com,,,yaman.awadtestest@montymobile.com
yaman.dsawaddssd22@montymobile.com,,,yaman.dsawaddssd22@montymobile.com
yaman.newaccountrefer@montymobile.com,,,yaman.newaccountrefer@montymobile.com
yaman.test@montymobile.com,,,yaman.test@montymobile.com
yeted@kjfj.vcom,,,yeted@kjfj.vcom